k,sexo,chave,l,m,s
1000450,1,450,-0.3521,2.441,0.09182
1000451,1,451,-0.3521,2.4577,0.09176
1000452,1,452,-0.3521,2.4744,0.0917
1000453,1,453,-0.3521,2.4911,0.09164
1000454,1,454,-0.3521,2.5078,0.09159
1000455,1,455,-0.3521,2.5244,0.09153
1000456,1,456,-0.3521,2.5411,0.09147
1000457,1,457,-0.3521,2.5578,0.09141
1000458,1,458,-0.3521,2.5744,0.09135
1000459,1,459,-0.3521,2.5911,0.09129
1000460,1,460,-0.3521,2.6077,0.09124
1000461,1,461,-0.3521,2.6244,0.09118
1000462,1,462,-0.3521,2.6411,0.09112
1000463,1,463,-0.3521,2.6578,0.09106
1000464,1,464,-0.3521,2.6745,0.091
1000465,1,465,-0.3521,2.6913,0.09094
1000466,1,466,-0.3521,2.7081,0.09088
1000467,1,467,-0.3521,2.7249,0.09083
1000468,1,468,-0.3521,2.7417,0.09077
1000469,1,469,-0.3521,2.7586,0.09071
1000470,1,470,-0.3521,2.7755,0.09065
1000471,1,471,-0.3521,2.7925,0.09059
1000472,1,472,-0.3521,2.8095,0.09053
1000473,1,473,-0.3521,2.8266,0.09047
1000474,1,474,-0.3521,2.8437,0.09042
1000475,1,475,-0.3521,2.8609,0.09036
1000476,1,476,-0.3521,2.8782,0.0903
1000477,1,477,-0.3521,2.8955,0.09024
1000478,1,478,-0.3521,2.9129,0.09018
1000479,1,479,-0.3521,2.9304,0.09012
1000480,1,480,-0.3521,2.948,0.09007
1000481,1,481,-0.3521,2.9657,0.09001
1000482,1,482,-0.3521,2.9835,0.08995
1000483,1,483,-0.3521,3.0014,0.08989
1000484,1,484,-0.3521,3.0195,0.08983
1000485,1,485,-0.3521,3.0377,0.08977
1000486,1,486,-0.3521,3.056,0.08972
1000487,1,487,-0.3521,3.0745,0.08966
1000488,1,488,-0.3521,3.0931,0.0896
1000489,1,489,-0.3521,3.1119,0.08954
1000490,1,490,-0.3521,3.1308,0.08948
1000491,1,491,-0.3521,3.1499,0.08943
1000492,1,492,-0.3521,3.1691,0.08937
1000493,1,493,-0.3521,3.1884,0.08931
1000494,1,494,-0.3521,3.2079,0.08925
1000495,1,495,-0.3521,3.2276,0.08919
1000496,1,496,-0.3521,3.2473,0.08913
1000497,1,497,-0.3521,3.2672,0.08908
1000498,1,498,-0.3521,3.2873,0.08902
1000499,1,499,-0.3521,3.3075,0.08896
1000500,1,500,-0.3521,3.3278,0.0889
1000501,1,501,-0.3521,3.3482,0.08884
1000502,1,502,-0.3521,3.3688,0.08878
1000503,1,503,-0.3521,3.3894,0.08872
1000504,1,504,-0.3521,3.4102,0.08867
1000505,1,505,-0.3521,3.4311,0.08861
1000506,1,506,-0.3521,3.4522,0.08855
1000507,1,507,-0.3521,3.4733,0.08849
1000508,1,508,-0.3521,3.4946,0.08843
1000509,1,509,-0.3521,3.5161,0.08837
1000510,1,510,-0.3521,3.5376,0.08831
1000511,1,511,-0.3521,3.5593,0.08825
1000512,1,512,-0.3521,3.5812,0.08819
1000513,1,513,-0.3521,3.6032,0.08813
1000514,1,514,-0.3521,3.6254,0.08807
1000515,1,515,-0.3521,3.6477,0.08801
1000516,1,516,-0.3521,3.6702,0.08795
1000517,1,517,-0.3521,3.6929,0.08789
1000518,1,518,-0.3521,3.7157,0.08783
1000519,1,519,-0.3521,3.7388,0.08777
1000520,1,520,-0.3521,3.762,0.08771
1000521,1,521,-0.3521,3.7855,0.08765
1000522,1,522,-0.3521,3.8092,0.08759
1000523,1,523,-0.3521,3.833,0.08753
1000524,1,524,-0.3521,3.8571,0.08747
1000525,1,525,-0.3521,3.8814,0.08741
1000526,1,526,-0.3521,3.9059,0.08735
1000527,1,527,-0.3521,3.9306,0.08729
1000528,1,528,-0.3521,3.9555,0.08723
1000529,1,529,-0.3521,3.9806,0.08717
1000530,1,530,-0.3521,4.006,0.08711
1000531,1,531,-0.3521,4.0315,0.08705
1000532,1,532,-0.3521,4.0572,0.08699
1000533,1,533,-0.3521,4.0831,0.08693
1000534,1,534,-0.3521,4.1092,0.08687
1000535,1,535,-0.3521,4.1354,0.08681
1000536,1,536,-0.3521,4.1619,0.08675
1000537,1,537,-0.3521,4.1885,0.08669
1000538,1,538,-0.3521,4.2153,0.08663
1000539,1,539,-0.3521,4.2422,0.08657
1000540,1,540,-0.3521,4.2693,0.08651
1000541,1,541,-0.3521,4.2965,0.08645
1000542,1,542,-0.3521,4.3239,0.08639
1000543,1,543,-0.3521,4.3513,0.08633
1000544,1,544,-0.3521,4.3789,0.08627
1000545,1,545,-0.3521,4.4066,0.08621
1000546,1,546,-0.3521,4.4344,0.08615
1000547,1,547,-0.3521,4.4623,0.0861
1000548,1,548,-0.3521,4.4903,0.08604
1000549,1,549,-0.3521,4.5185,0.08598
1000550,1,550,-0.3521,4.5467,0.08592
1000551,1,551,-0.3521,4.575,0.08586
1000552,1,552,-0.3521,4.6034,0.0858
1000553,1,553,-0.3521,4.6319,0.08575
1000554,1,554,-0.3521,4.6605,0.08569
1000555,1,555,-0.3521,4.6892,0.08563
1000556,1,556,-0.3521,4.718,0.08558
1000557,1,557,-0.3521,4.7469,0.08552
1000558,1,558,-0.3521,4.7758,0.08546
1000559,1,559,-0.3521,4.8048,0.08541
1000560,1,560,-0.3521,4.8338,0.08535
1000561,1,561,-0.3521,4.8629,0.08529
1000562,1,562,-0.3521,4.892,0.08524
1000563,1,563,-0.3521,4.9212,0.08518
1000564,1,564,-0.3521,4.9504,0.08513
1000565,1,565,-0.3521,4.9796,0.08507
1000566,1,566,-0.3521,5.0088,0.08502
1000567,1,567,-0.3521,5.0381,0.08497
1000568,1,568,-0.3521,5.0673,0.08491
1000569,1,569,-0.3521,5.0966,0.08486
1000570,1,570,-0.3521,5.1259,0.08481
1000571,1,571,-0.3521,5.1551,0.08475
1000572,1,572,-0.3521,5.1844,0.0847
1000573,1,573,-0.3521,5.2137,0.08465
1000574,1,574,-0.3521,5.2429,0.0846
1000575,1,575,-0.3521,5.2721,0.08455
1000576,1,576,-0.3521,5.3014,0.08449
1000577,1,577,-0.3521,5.3306,0.08444
1000578,1,578,-0.3521,5.3598,0.08439
1000579,1,579,-0.3521,5.3889,0.08434
1000580,1,580,-0.3521,5.418,0.0843
1000581,1,581,-0.3521,5.4471,0.08425
1000582,1,582,-0.3521,5.4762,0.0842
1000583,1,583,-0.3521,5.5053,0.08415
1000584,1,584,-0.3521,5.5343,0.0841
1000585,1,585,-0.3521,5.5632,0.08406
1000586,1,586,-0.3521,5.5922,0.08401
1000587,1,587,-0.3521,5.621,0.08397
1000588,1,588,-0.3521,5.6499,0.08392
1000589,1,589,-0.3521,5.6787,0.08388
1000590,1,590,-0.3521,5.7074,0.08383
1000591,1,591,-0.3521,5.7361,0.08379
1000592,1,592,-0.3521,5.7647,0.08375
1000593,1,593,-0.3521,5.7933,0.0837
1000594,1,594,-0.3521,5.8217,0.08366
1000595,1,595,-0.3521,5.8501,0.08362
1000596,1,596,-0.3521,5.8784,0.08358
1000597,1,597,-0.3521,5.9067,0.08354
1000598,1,598,-0.3521,5.9348,0.0835
1000599,1,599,-0.3521,5.9628,0.08346
1000600,1,600,-0.3521,5.9907,0.08342
1000601,1,601,-0.3521,6.0185,0.08339
1000602,1,602,-0.3521,6.0461,0.08335
1000603,1,603,-0.3521,6.0737,0.08331
1000604,1,604,-0.3521,6.1011,0.08328
1000605,1,605,-0.3521,6.1284,0.08324
1000606,1,606,-0.3521,6.1556,0.08321
1000607,1,607,-0.3521,6.1827,0.08317
1000608,1,608,-0.3521,6.2096,0.08314
1000609,1,609,-0.3521,6.2365,0.08311
1000610,1,610,-0.3521,6.2632,0.08308
1000611,1,611,-0.3521,6.2899,0.08304
1000612,1,612,-0.3521,6.3164,0.08301
1000613,1,613,-0.3521,6.3428,0.08298
1000614,1,614,-0.3521,6.3692,0.08295
1000615,1,615,-0.3521,6.3954,0.08292
1000616,1,616,-0.3521,6.4215,0.0829
1000617,1,617,-0.3521,6.4475,0.08287
1000618,1,618,-0.3521,6.4735,0.08284
1000619,1,619,-0.3521,6.4993,0.08281
1000620,1,620,-0.3521,6.5251,0.08279
1000621,1,621,-0.3521,6.5508,0.08276
1000622,1,622,-0.3521,6.5764,0.08273
1000623,1,623,-0.3521,6.6019,0.08271
1000624,1,624,-0.3521,6.6273,0.08268
1000625,1,625,-0.3521,6.6527,0.08266
1000626,1,626,-0.3521,6.678,0.08264
1000627,1,627,-0.3521,6.7033,0.08261
1000628,1,628,-0.3521,6.7284,0.08259
1000629,1,629,-0.3521,6.7535,0.08257
1000630,1,630,-0.3521,6.7786,0.08255
1000631,1,631,-0.3521,6.8035,0.08253
1000632,1,632,-0.3521,6.8285,0.08251
1000633,1,633,-0.3521,6.8533,0.08249
1000634,1,634,-0.3521,6.8781,0.08247
1000635,1,635,-0.3521,6.9028,0.08245
1000636,1,636,-0.3521,6.9275,0.08243
1000637,1,637,-0.3521,6.9521,0.08241
1000638,1,638,-0.3521,6.9766,0.0824
1000639,1,639,-0.3521,7.0011,0.08238
1000640,1,640,-0.3521,7.0255,0.08236
1000641,1,641,-0.3521,7.0499,0.08235
1000642,1,642,-0.3521,7.0742,0.08233
1000643,1,643,-0.3521,7.0984,0.08232
1000644,1,644,-0.3521,7.1226,0.0823
1000645,1,645,-0.3521,7.1467,0.08229
1000646,1,646,-0.3521,7.1708,0.08228
1000647,1,647,-0.3521,7.1948,0.08227
1000648,1,648,-0.3521,7.2188,0.08225
1000649,1,649,-0.3521,7.2427,0.08224
1000650,1,650,-0.3521,7.2666,0.08223
1000651,1,651,-0.3521,7.2905,0.08222
1000652,1,652,-0.3521,7.3143,0.08221
1000653,1,653,-0.3521,7.338,0.0822
1000654,1,654,-0.3521,7.3617,0.08219
1000655,1,655,-0.3521,7.3854,0.08218
1000656,1,656,-0.3521,7.4091,0.08218
1000657,1,657,-0.3521,7.4327,0.08217
1000658,1,658,-0.3521,7.4563,0.08216
1000659,1,659,-0.3521,7.4799,0.08216
1000660,1,660,-0.3521,7.5034,0.08215
1000661,1,661,-0.3521,7.5269,0.08214
1000662,1,662,-0.3521,7.5504,0.08214
1000663,1,663,-0.3521,7.5738,0.08214
1000664,1,664,-0.3521,7.5973,0.08213
1000665,1,665,-0.3521,7.6206,0.08213
1000666,1,666,-0.3521,7.644,0.08213
1000667,1,667,-0.3521,7.6673,0.08212
1000668,1,668,-0.3521,7.6906,0.08212
1000669,1,669,-0.3521,7.7138,0.08212
1000670,1,670,-0.3521,7.737,0.08212
1000671,1,671,-0.3521,7.7602,0.08212
1000672,1,672,-0.3521,7.7834,0.08212
1000673,1,673,-0.3521,7.8065,0.08212
1000674,1,674,-0.3521,7.8296,0.08212
1000675,1,675,-0.3521,7.8526,0.08212
1000676,1,676,-0.3521,7.8757,0.08212
1000677,1,677,-0.3521,7.8986,0.08213
1000678,1,678,-0.3521,7.9216,0.08213
1000679,1,679,-0.3521,7.9445,0.08213
1000680,1,680,-0.3521,7.9674,0.08214
1000681,1,681,-0.3521,7.9903,0.08214
1000682,1,682,-0.3521,8.0132,0.08214
1000683,1,683,-0.3521,8.036,0.08215
1000684,1,684,-0.3521,8.0588,0.08215
1000685,1,685,-0.3521,8.0816,0.08216
1000686,1,686,-0.3521,8.1044,0.08217
1000687,1,687,-0.3521,8.1272,0.08217
1000688,1,688,-0.3521,8.15,0.08218
1000689,1,689,-0.3521,8.1727,0.08219
1000690,1,690,-0.3521,8.1955,0.08219
1000691,1,691,-0.3521,8.2183,0.0822
1000692,1,692,-0.3521,8.241,0.08221
1000693,1,693,-0.3521,8.2638,0.08222
1000694,1,694,-0.3521,8.2865,0.08223
1000695,1,695,-0.3521,8.3092,0.08224
1000696,1,696,-0.3521,8.332,0.08225
1000697,1,697,-0.3521,8.3547,0.08226
1000698,1,698,-0.3521,8.3774,0.08227
1000699,1,699,-0.3521,8.4001,0.08228
1000700,1,700,-0.3521,8.4227,0.08229
1000701,1,701,-0.3521,8.4454,0.0823
1000702,1,702,-0.3521,8.468,0.08231
1000703,1,703,-0.3521,8.4906,0.08232
1000704,1,704,-0.3521,8.5132,0.08233
1000705,1,705,-0.3521,8.5358,0.08235
1000706,1,706,-0.3521,8.5583,0.08236
1000707,1,707,-0.3521,8.5808,0.08237
1000708,1,708,-0.3521,8.6032,0.08238
1000709,1,709,-0.3521,8.6257,0.0824
1000710,1,710,-0.3521,8.648,0.08241
1000711,1,711,-0.3521,8.6704,0.08242
1000712,1,712,-0.3521,8.6927,0.08243
1000713,1,713,-0.3521,8.715,0.08245
1000714,1,714,-0.3521,8.7372,0.08246
1000715,1,715,-0.3521,8.7594,0.08248
1000716,1,716,-0.3521,8.7815,0.08249
1000717,1,717,-0.3521,8.8036,0.0825
1000718,1,718,-0.3521,8.8257,0.08252
1000719,1,719,-0.3521,8.8477,0.08253
1000720,1,720,-0.3521,8.8697,0.08254
1000721,1,721,-0.3521,8.8916,0.08256
1000722,1,722,-0.3521,8.9135,0.08257
1000723,1,723,-0.3521,8.9353,0.08259
1000724,1,724,-0.3521,8.9571,0.0826
1000725,1,725,-0.3521,8.9788,0.08262
1000726,1,726,-0.3521,9.0005,0.08263
1000727,1,727,-0.3521,9.0221,0.08264
1000728,1,728,-0.3521,9.0436,0.08266
1000729,1,729,-0.3521,9.0651,0.08267
1000730,1,730,-0.3521,9.0865,0.08269
1000731,1,731,-0.3521,9.1079,0.0827
1000732,1,732,-0.3521,9.1292,0.08272
1000733,1,733,-0.3521,9.1504,0.08273
1000734,1,734,-0.3521,9.1716,0.08274
1000735,1,735,-0.3521,9.1927,0.08276
1000736,1,736,-0.3521,9.2137,0.08277
1000737,1,737,-0.3521,9.2347,0.08278
1000738,1,738,-0.3521,9.2557,0.0828
1000739,1,739,-0.3521,9.2766,0.08281
1000740,1,740,-0.3521,9.2974,0.08283
1000741,1,741,-0.3521,9.3182,0.08284
1000742,1,742,-0.3521,9.339,0.08285
1000743,1,743,-0.3521,9.3597,0.08287
1000744,1,744,-0.3521,9.3803,0.08288
1000745,1,745,-0.3521,9.401,0.08289
1000746,1,746,-0.3521,9.4215,0.0829
1000747,1,747,-0.3521,9.442,0.08292
1000748,1,748,-0.3521,9.4625,0.08293
1000749,1,749,-0.3521,9.4829,0.08294
1000750,1,750,-0.3521,9.5032,0.08295
1000751,1,751,-0.3521,9.5235,0.08297
1000752,1,752,-0.3521,9.5438,0.08298
1000753,1,753,-0.3521,9.5639,0.08299
1000754,1,754,-0.3521,9.5841,0.083
1000755,1,755,-0.3521,9.6041,0.08301
1000756,1,756,-0.3521,9.6241,0.08302
1000757,1,757,-0.3521,9.644,0.08303
1000758,1,758,-0.3521,9.6639,0.08305
1000759,1,759,-0.3521,9.6836,0.08306
1000760,1,760,-0.3521,9.7033,0.08307
1000761,1,761,-0.3521,9.723,0.08307
1000762,1,762,-0.3521,9.7425,0.08308
1000763,1,763,-0.3521,9.762,0.08309
1000764,1,764,-0.3521,9.7814,0.0831
1000765,1,765,-0.3521,9.8007,0.08311
1000766,1,766,-0.3521,9.82,0.08312
1000767,1,767,-0.3521,9.8392,0.08312
1000768,1,768,-0.3521,9.8583,0.08313
1000769,1,769,-0.3521,9.8773,0.08314
1000770,1,770,-0.3521,9.8963,0.08314
1000771,1,771,-0.3521,9.9152,0.08315
1000772,1,772,-0.3521,9.9341,0.08315
1000773,1,773,-0.3521,9.9528,0.08316
1000774,1,774,-0.3521,9.9716,0.08316
1000775,1,775,-0.3521,9.9902,0.08317
1000776,1,776,-0.3521,10.0088,0.08317
1000777,1,777,-0.3521,10.0274,0.08317
1000778,1,778,-0.3521,10.0459,0.08318
1000779,1,779,-0.3521,10.0643,0.08318
1000780,1,780,-0.3521,10.0827,0.08318
1000781,1,781,-0.3521,10.1011,0.08318
1000782,1,782,-0.3521,10.1194,0.08318
1000783,1,783,-0.3521,10.1377,0.08318
1000784,1,784,-0.3521,10.1559,0.08318
1000785,1,785,-0.3521,10.1741,0.08318
1000786,1,786,-0.3521,10.1923,0.08317
1000787,1,787,-0.3521,10.2105,0.08317
1000788,1,788,-0.3521,10.2286,0.08317
1000789,1,789,-0.3521,10.2468,0.08316
1000790,1,790,-0.3521,10.2649,0.08316
1000791,1,791,-0.3521,10.2831,0.08315
1000792,1,792,-0.3521,10.3012,0.08315
1000793,1,793,-0.3521,10.3194,0.08314
1000794,1,794,-0.3521,10.3376,0.08313
1000795,1,795,-0.3521,10.3558,0.08313
1000796,1,796,-0.3521,10.3741,0.08312
1000797,1,797,-0.3521,10.3923,0.08311
1000798,1,798,-0.3521,10.4107,0.0831
1000799,1,799,-0.3521,10.4291,0.08309
1000800,1,800,-0.3521,10.4475,0.08308
1000801,1,801,-0.3521,10.466,0.08307
1000802,1,802,-0.3521,10.4845,0.08305
1000803,1,803,-0.3521,10.5031,0.08304
1000804,1,804,-0.3521,10.5217,0.08303
1000805,1,805,-0.3521,10.5405,0.08301
1000806,1,806,-0.3521,10.5592,0.083
1000807,1,807,-0.3521,10.5781,0.08298
1000808,1,808,-0.3521,10.597,0.08297
1000809,1,809,-0.3521,10.6161,0.08295
1000810,1,810,-0.3521,10.6352,0.08293
1000811,1,811,-0.3521,10.6544,0.08291
1000812,1,812,-0.3521,10.6737,0.0829
1000813,1,813,-0.3521,10.6931,0.08288
1000814,1,814,-0.3521,10.7126,0.08286
1000815,1,815,-0.3521,10.7322,0.08284
1000816,1,816,-0.3521,10.752,0.08282
1000817,1,817,-0.3521,10.7718,0.08279
1000818,1,818,-0.3521,10.7918,0.08277
1000819,1,819,-0.3521,10.8119,0.08275
1000820,1,820,-0.3521,10.8321,0.08273
1000821,1,821,-0.3521,10.8524,0.0827
1000822,1,822,-0.3521,10.8728,0.08268
1000823,1,823,-0.3521,10.8934,0.08265
1000824,1,824,-0.3521,10.9142,0.08263
1000825,1,825,-0.3521,10.935,0.0826
1000826,1,826,-0.3521,10.956,0.08258
1000827,1,827,-0.3521,10.9772,0.08255
1000828,1,828,-0.3521,10.9985,0.08252
1000829,1,829,-0.3521,11.0199,0.08249
1000830,1,830,-0.3521,11.0415,0.08246
1000831,1,831,-0.3521,11.0632,0.08244
1000832,1,832,-0.3521,11.0851,0.08241
1000833,1,833,-0.3521,11.1071,0.08238
1000834,1,834,-0.3521,11.1293,0.08235
1000835,1,835,-0.3521,11.1516,0.08231
1000836,1,836,-0.3521,11.174,0.08228
1000837,1,837,-0.3521,11.1966,0.08225
1000838,1,838,-0.3521,11.2193,0.08222
1000839,1,839,-0.3521,11.2422,0.08219
1000840,1,840,-0.3521,11.2651,0.08215
1000841,1,841,-0.3521,11.2882,0.08212
1000842,1,842,-0.3521,11.3114,0.08209
1000843,1,843,-0.3521,11.3347,0.08205
1000844,1,844,-0.3521,11.3581,0.08202
1000845,1,845,-0.3521,11.3817,0.08198
1000846,1,846,-0.3521,11.4053,0.08195
1000847,1,847,-0.3521,11.429,0.08191
1000848,1,848,-0.3521,11.4529,0.08188
1000849,1,849,-0.3521,11.4768,0.08184
1000850,1,850,-0.3521,11.5007,0.08181
1000851,1,851,-0.3521,11.5248,0.08177
1000852,1,852,-0.3521,11.549,0.08174
1000853,1,853,-0.3521,11.5732,0.0817
1000854,1,854,-0.3521,11.5975,0.08166
1000855,1,855,-0.3521,11.6218,0.08163
1000856,1,856,-0.3521,11.6462,0.08159
1000857,1,857,-0.3521,11.6707,0.08156
1000858,1,858,-0.3521,11.6952,0.08152
1000859,1,859,-0.3521,11.7198,0.08148
1000860,1,860,-0.3521,11.7444,0.08145
1000861,1,861,-0.3521,11.769,0.08141
1000862,1,862,-0.3521,11.7937,0.08138
1000863,1,863,-0.3521,11.8184,0.08134
1000864,1,864,-0.3521,11.8431,0.08131
1000865,1,865,-0.3521,11.8678,0.08128
1000866,1,866,-0.3521,11.8926,0.08124
1000867,1,867,-0.3521,11.9173,0.08121
1000868,1,868,-0.3521,11.9421,0.08118
1000869,1,869,-0.3521,11.9668,0.08114
1000870,1,870,-0.3521,11.9916,0.08111
1000871,1,871,-0.3521,12.0163,0.08108
1000872,1,872,-0.3521,12.0411,0.08105
1000873,1,873,-0.3521,12.0658,0.08102
1000874,1,874,-0.3521,12.0905,0.08099
1000875,1,875,-0.3521,12.1152,0.08096
1000876,1,876,-0.3521,12.1398,0.08093
1000877,1,877,-0.3521,12.1645,0.0809
1000878,1,878,-0.3521,12.1891,0.08087
1000879,1,879,-0.3521,12.2136,0.08084
1000880,1,880,-0.3521,12.2382,0.08082
1000881,1,881,-0.3521,12.2627,0.08079
1000882,1,882,-0.3521,12.2871,0.08076
1000883,1,883,-0.3521,12.3116,0.08074
1000884,1,884,-0.3521,12.336,0.08071
1000885,1,885,-0.3521,12.3603,0.08069
1000886,1,886,-0.3521,12.3846,0.08067
1000887,1,887,-0.3521,12.4089,0.08064
1000888,1,888,-0.3521,12.4332,0.08062
1000889,1,889,-0.3521,12.4574,0.0806
1000890,1,890,-0.3521,12.4815,0.08058
1000891,1,891,-0.3521,12.5057,0.08056
1000892,1,892,-0.3521,12.5298,0.08054
1000893,1,893,-0.3521,12.5538,0.08052
1000894,1,894,-0.3521,12.5778,0.0805
1000895,1,895,-0.3521,12.6017,0.08048
1000896,1,896,-0.3521,12.6257,0.08047
1000897,1,897,-0.3521,12.6495,0.08045
1000898,1,898,-0.3521,12.6734,0.08044
1000899,1,899,-0.3521,12.6972,0.08042
1000900,1,900,-0.3521,12.7209,0.08041
1000901,1,901,-0.3521,12.7446,0.08039
1000902,1,902,-0.3521,12.7683,0.08038
1000903,1,903,-0.3521,12.792,0.08037
1000904,1,904,-0.3521,12.8156,0.08035
1000905,1,905,-0.3521,12.8392,0.08034
1000906,1,906,-0.3521,12.8628,0.08033
1000907,1,907,-0.3521,12.8864,0.08032
1000908,1,908,-0.3521,12.9099,0.08031
1000909,1,909,-0.3521,12.9334,0.0803
1000910,1,910,-0.3521,12.9569,0.0803
1000911,1,911,-0.3521,12.9804,0.08029
1000912,1,912,-0.3521,13.0038,0.08028
1000913,1,913,-0.3521,13.0273,0.08027
1000914,1,914,-0.3521,13.0507,0.08027
1000915,1,915,-0.3521,13.0742,0.08026
1000916,1,916,-0.3521,13.0976,0.08026
1000917,1,917,-0.3521,13.1209,0.08025
1000918,1,918,-0.3521,13.1443,0.08025
1000919,1,919,-0.3521,13.1677,0.08025
1000920,1,920,-0.3521,13.191,0.08025
1000921,1,921,-0.3521,13.2143,0.08025
1000922,1,922,-0.3521,13.2376,0.08024
1000923,1,923,-0.3521,13.2609,0.08024
1000924,1,924,-0.3521,13.2842,0.08024
1000925,1,925,-0.3521,13.3075,0.08025
1000926,1,926,-0.3521,13.3308,0.08025
1000927,1,927,-0.3521,13.3541,0.08025
1000928,1,928,-0.3521,13.3773,0.08025
1000929,1,929,-0.3521,13.4006,0.08026
1000930,1,930,-0.3521,13.4239,0.08026
1000931,1,931,-0.3521,13.4472,0.08027
1000932,1,932,-0.3521,13.4705,0.08027
1000933,1,933,-0.3521,13.4937,0.08028
1000934,1,934,-0.3521,13.5171,0.08028
1000935,1,935,-0.3521,13.5404,0.08029
1000936,1,936,-0.3521,13.5637,0.0803
1000937,1,937,-0.3521,13.587,0.08031
1000938,1,938,-0.3521,13.6104,0.08032
1000939,1,939,-0.3521,13.6338,0.08033
1000940,1,940,-0.3521,13.6572,0.08034
1000941,1,941,-0.3521,13.6806,0.08035
1000942,1,942,-0.3521,13.7041,0.08036
1000943,1,943,-0.3521,13.7275,0.08037
1000944,1,944,-0.3521,13.751,0.08038
1000945,1,945,-0.3521,13.7746,0.0804
1000946,1,946,-0.3521,13.7981,0.08041
1000947,1,947,-0.3521,13.8217,0.08043
1000948,1,948,-0.3521,13.8454,0.08044
1000949,1,949,-0.3521,13.8691,0.08046
1000950,1,950,-0.3521,13.8928,0.08047
1000951,1,951,-0.3521,13.9165,0.08049
1000952,1,952,-0.3521,13.9403,0.08051
1000953,1,953,-0.3521,13.9642,0.08052
1000954,1,954,-0.3521,13.9881,0.08054
1000955,1,955,-0.3521,14.012,0.08056
1000956,1,956,-0.3521,14.036,0.08058
1000957,1,957,-0.3521,14.06,0.0806
1000958,1,958,-0.3521,14.0841,0.08062
1000959,1,959,-0.3521,14.1083,0.08064
1000960,1,960,-0.3521,14.1325,0.08067
1000961,1,961,-0.3521,14.1567,0.08069
1000962,1,962,-0.3521,14.1811,0.08071
1000963,1,963,-0.3521,14.2055,0.08073
1000964,1,964,-0.3521,14.2299,0.08076
1000965,1,965,-0.3521,14.2544,0.08078
1000966,1,966,-0.3521,14.279,0.08081
1000967,1,967,-0.3521,14.3037,0.08083
1000968,1,968,-0.3521,14.3284,0.08086
1000969,1,969,-0.3521,14.3533,0.08089
1000970,1,970,-0.3521,14.3782,0.08092
1000971,1,971,-0.3521,14.4031,0.08094
1000972,1,972,-0.3521,14.4282,0.08097
1000973,1,973,-0.3521,14.4533,0.081
1000974,1,974,-0.3521,14.4785,0.08103
1000975,1,975,-0.3521,14.5038,0.08106
1000976,1,976,-0.3521,14.5292,0.08109
1000977,1,977,-0.3521,14.5547,0.08112
1000978,1,978,-0.3521,14.5802,0.08116
1000979,1,979,-0.3521,14.6058,0.08119
1000980,1,980,-0.3521,14.6316,0.08122
1000981,1,981,-0.3521,14.6574,0.08125
1000982,1,982,-0.3521,14.6832,0.08129
1000983,1,983,-0.3521,14.7092,0.08132
1000984,1,984,-0.3521,14.7353,0.08136
1000985,1,985,-0.3521,14.7614,0.08139
1000986,1,986,-0.3521,14.7877,0.08143
1000987,1,987,-0.3521,14.814,0.08146
1000988,1,988,-0.3521,14.8404,0.0815
1000989,1,989,-0.3521,14.8669,0.08154
1000990,1,990,-0.3521,14.8934,0.08157
1000991,1,991,-0.3521,14.9201,0.08161
1000992,1,992,-0.3521,14.9468,0.08165
1000993,1,993,-0.3521,14.9736,0.08169
1000994,1,994,-0.3521,15.0005,0.08173
1000995,1,995,-0.3521,15.0275,0.08177
1000996,1,996,-0.3521,15.0546,0.08181
1000997,1,997,-0.3521,15.0818,0.08185
1000998,1,998,-0.3521,15.109,0.08189
1000999,1,999,-0.3521,15.1363,0.08194
1001000,1,1000,-0.3521,15.1637,0.08198
1001001,1,1001,-0.3521,15.1912,0.08202
1001002,1,1002,-0.3521,15.2187,0.08206
1001003,1,1003,-0.3521,15.2463,0.08211
1001004,1,1004,-0.3521,15.274,0.08215
1001005,1,1005,-0.3521,15.3018,0.0822
1001006,1,1006,-0.3521,15.3297,0.08224
1001007,1,1007,-0.3521,15.3576,0.08229
1001008,1,1008,-0.3521,15.3856,0.08233
1001009,1,1009,-0.3521,15.4137,0.08238
1001010,1,1010,-0.3521,15.4419,0.08243
1001011,1,1011,-0.3521,15.4701,0.08247
1001012,1,1012,-0.3521,15.4985,0.08252
1001013,1,1013,-0.3521,15.5268,0.08257
1001014,1,1014,-0.3521,15.5553,0.08262
1001015,1,1015,-0.3521,15.5838,0.08267
1001016,1,1016,-0.3521,15.6125,0.08272
1001017,1,1017,-0.3521,15.6412,0.08277
1001018,1,1018,-0.3521,15.6699,0.08281
1001019,1,1019,-0.3521,15.6987,0.08287
1001020,1,1020,-0.3521,15.7276,0.08292
1001021,1,1021,-0.3521,15.7566,0.08297
1001022,1,1022,-0.3521,15.7857,0.08302
1001023,1,1023,-0.3521,15.8148,0.08307
1001024,1,1024,-0.3521,15.844,0.08312
1001025,1,1025,-0.3521,15.8732,0.08317
1001026,1,1026,-0.3521,15.9026,0.08322
1001027,1,1027,-0.3521,15.932,0.08328
1001028,1,1028,-0.3521,15.9615,0.08333
1001029,1,1029,-0.3521,15.991,0.08338
1001030,1,1030,-0.3521,16.0206,0.08343
1001031,1,1031,-0.3521,16.0503,0.08349
1001032,1,1032,-0.3521,16.0801,0.08354
1001033,1,1033,-0.3521,16.1099,0.08359
1001034,1,1034,-0.3521,16.1398,0.08365
1001035,1,1035,-0.3521,16.1697,0.0837
1001036,1,1036,-0.3521,16.1997,0.08376
1001037,1,1037,-0.3521,16.2298,0.08381
1001038,1,1038,-0.3521,16.26,0.08386
1001039,1,1039,-0.3521,16.2902,0.08392
1001040,1,1040,-0.3521,16.3204,0.08397
1001041,1,1041,-0.3521,16.3508,0.08403
1001042,1,1042,-0.3521,16.3812,0.08408
1001043,1,1043,-0.3521,16.4117,0.08414
1001044,1,1044,-0.3521,16.4422,0.08419
1001045,1,1045,-0.3521,16.4728,0.08425
1001046,1,1046,-0.3521,16.5035,0.08431
1001047,1,1047,-0.3521,16.5342,0.08436
1001048,1,1048,-0.3521,16.565,0.08442
1001049,1,1049,-0.3521,16.5959,0.08447
1001050,1,1050,-0.3521,16.6268,0.08453
1001051,1,1051,-0.3521,16.6579,0.08458
1001052,1,1052,-0.3521,16.6889,0.08464
1001053,1,1053,-0.3521,16.7201,0.0847
1001054,1,1054,-0.3521,16.7513,0.08475
1001055,1,1055,-0.3521,16.7826,0.08481
1001056,1,1056,-0.3521,16.8139,0.08487
1001057,1,1057,-0.3521,16.8454,0.08493
1001058,1,1058,-0.3521,16.8769,0.08498
1001059,1,1059,-0.3521,16.9084,0.08504
1001060,1,1060,-0.3521,16.9401,0.0851
1001061,1,1061,-0.3521,16.9718,0.08516
1001062,1,1062,-0.3521,17.0036,0.08521
1001063,1,1063,-0.3521,17.0355,0.08527
1001064,1,1064,-0.3521,17.0674,0.08533
1001065,1,1065,-0.3521,17.0995,0.08539
1001066,1,1066,-0.3521,17.1316,0.08545
1001067,1,1067,-0.3521,17.1637,0.08551
1001068,1,1068,-0.3521,17.196,0.08557
1001069,1,1069,-0.3521,17.2283,0.08562
1001070,1,1070,-0.3521,17.2607,0.08568
1001071,1,1071,-0.3521,17.2931,0.08574
1001072,1,1072,-0.3521,17.3256,0.0858
1001073,1,1073,-0.3521,17.3582,0.08586
1001074,1,1074,-0.3521,17.3909,0.08592
1001075,1,1075,-0.3521,17.4237,0.08599
1001076,1,1076,-0.3521,17.4565,0.08605
1001077,1,1077,-0.3521,17.4894,0.08611
1001078,1,1078,-0.3521,17.5224,0.08617
1001079,1,1079,-0.3521,17.5554,0.08623
1001080,1,1080,-0.3521,17.5885,0.08629
1001081,1,1081,-0.3521,17.6217,0.08635
1001082,1,1082,-0.3521,17.655,0.08641
1001083,1,1083,-0.3521,17.6884,0.08648
1001084,1,1084,-0.3521,17.7218,0.08654
1001085,1,1085,-0.3521,17.7553,0.0866
1001086,1,1086,-0.3521,17.7889,0.08666
1001087,1,1087,-0.3521,17.8226,0.08673
1001088,1,1088,-0.3521,17.8564,0.08679
1001089,1,1089,-0.3521,17.8903,0.08685
1001090,1,1090,-0.3521,17.9242,0.08691
1001091,1,1091,-0.3521,17.9583,0.08698
1001092,1,1092,-0.3521,17.9924,0.08704
1001093,1,1093,-0.3521,18.0267,0.0871
1001094,1,1094,-0.3521,18.061,0.08717
1001095,1,1095,-0.3521,18.0954,0.08723
1001096,1,1096,-0.3521,18.1299,0.0873
1001097,1,1097,-0.3521,18.1645,0.08736
1001098,1,1098,-0.3521,18.1992,0.08742
1001099,1,1099,-0.3521,18.234,0.08749
1001100,1,1100,-0.3521,18.2689,0.08755
2000450,2,450,-0.3833,2.4607,0.09029
2000451,2,451,-0.3833,2.4777,0.0903
2000452,2,452,-0.3833,2.4947,0.0903
2000453,2,453,-0.3833,2.5117,0.09031
2000454,2,454,-0.3833,2.5287,0.09032
2000455,2,455,-0.3833,2.5457,0.09033
2000456,2,456,-0.3833,2.5627,0.09033
2000457,2,457,-0.3833,2.5797,0.09034
2000458,2,458,-0.3833,2.5967,0.09035
2000459,2,459,-0.3833,2.6137,0.09036
2000460,2,460,-0.3833,2.6306,0.09037
2000461,2,461,-0.3833,2.6476,0.09037
2000462,2,462,-0.3833,2.6646,0.09038
2000463,2,463,-0.3833,2.6816,0.09039
2000464,2,464,-0.3833,2.6986,0.0904
2000465,2,465,-0.3833,2.7155,0.0904
2000466,2,466,-0.3833,2.7326,0.09041
2000467,2,467,-0.3833,2.7496,0.09042
2000468,2,468,-0.3833,2.7666,0.09043
2000469,2,469,-0.3833,2.7837,0.09044
2000470,2,470,-0.3833,2.8007,0.09044
2000471,2,471,-0.3833,2.8179,0.09045
2000472,2,472,-0.3833,2.835,0.09046
2000473,2,473,-0.3833,2.8522,0.09047
2000474,2,474,-0.3833,2.8694,0.09047
2000475,2,475,-0.3833,2.8867,0.09048
2000476,2,476,-0.3833,2.9041,0.09049
2000477,2,477,-0.3833,2.9215,0.0905
2000478,2,478,-0.3833,2.939,0.0905
2000479,2,479,-0.3833,2.9565,0.09051
2000480,2,480,-0.3833,2.9741,0.09052
2000481,2,481,-0.3833,2.9918,0.09053
2000482,2,482,-0.3833,3.0096,0.09054
2000483,2,483,-0.3833,3.0275,0.09054
2000484,2,484,-0.3833,3.0455,0.09055
2000485,2,485,-0.3833,3.0636,0.09056
2000486,2,486,-0.3833,3.0818,0.09057
2000487,2,487,-0.3833,3.1001,0.09057
2000488,2,488,-0.3833,3.1186,0.09058
2000489,2,489,-0.3833,3.1372,0.09059
2000490,2,490,-0.3833,3.156,0.0906
2000491,2,491,-0.3833,3.1749,0.09061
2000492,2,492,-0.3833,3.1939,0.09061
2000493,2,493,-0.3833,3.2131,0.09062
2000494,2,494,-0.3833,3.2325,0.09063
2000495,2,495,-0.3833,3.252,0.09064
2000496,2,496,-0.3833,3.2717,0.09065
2000497,2,497,-0.3833,3.2915,0.09065
2000498,2,498,-0.3833,3.3114,0.09066
2000499,2,499,-0.3833,3.3316,0.09067
2000500,2,500,-0.3833,3.3518,0.09068
2000501,2,501,-0.3833,3.3723,0.09069
2000502,2,502,-0.3833,3.3929,0.09069
2000503,2,503,-0.3833,3.4136,0.0907
2000504,2,504,-0.3833,3.4346,0.09071
2000505,2,505,-0.3833,3.4557,0.09072
2000506,2,506,-0.3833,3.4769,0.09073
2000507,2,507,-0.3833,3.4983,0.09074
2000508,2,508,-0.3833,3.5199,0.09074
2000509,2,509,-0.3833,3.5417,0.09075
2000510,2,510,-0.3833,3.5636,0.09076
2000511,2,511,-0.3833,3.5856,0.09077
2000512,2,512,-0.3833,3.6078,0.09078
2000513,2,513,-0.3833,3.6302,0.09079
2000514,2,514,-0.3833,3.6527,0.0908
2000515,2,515,-0.3833,3.6754,0.0908
2000516,2,516,-0.3833,3.6982,0.09081
2000517,2,517,-0.3833,3.7212,0.09082
2000518,2,518,-0.3833,3.7444,0.09083
2000519,2,519,-0.3833,3.7677,0.09084
2000520,2,520,-0.3833,3.7911,0.09085
2000521,2,521,-0.3833,3.8147,0.09086
2000522,2,522,-0.3833,3.8385,0.09086
2000523,2,523,-0.3833,3.8623,0.09087
2000524,2,524,-0.3833,3.8863,0.09088
2000525,2,525,-0.3833,3.9105,0.09089
2000526,2,526,-0.3833,3.9348,0.0909
2000527,2,527,-0.3833,3.9592,0.09091
2000528,2,528,-0.3833,3.9837,0.09092
2000529,2,529,-0.3833,4.0084,0.09093
2000530,2,530,-0.3833,4.0332,0.09093
2000531,2,531,-0.3833,4.0581,0.09094
2000532,2,532,-0.3833,4.0832,0.09095
2000533,2,533,-0.3833,4.1084,0.09096
2000534,2,534,-0.3833,4.1337,0.09097
2000535,2,535,-0.3833,4.1591,0.09098
2000536,2,536,-0.3833,4.1846,0.09099
2000537,2,537,-0.3833,4.2102,0.09099
2000538,2,538,-0.3833,4.2359,0.091
2000539,2,539,-0.3833,4.2617,0.09101
2000540,2,540,-0.3833,4.2875,0.09102
2000541,2,541,-0.3833,4.3135,0.09103
2000542,2,542,-0.3833,4.3395,0.09104
2000543,2,543,-0.3833,4.3655,0.09105
2000544,2,544,-0.3833,4.3917,0.09105
2000545,2,545,-0.3833,4.4179,0.09106
2000546,2,546,-0.3833,4.4442,0.09107
2000547,2,547,-0.3833,4.4705,0.09108
2000548,2,548,-0.3833,4.4969,0.09109
2000549,2,549,-0.3833,4.5233,0.09109
2000550,2,550,-0.3833,4.5498,0.0911
2000551,2,551,-0.3833,4.5763,0.09111
2000552,2,552,-0.3833,4.6029,0.09112
2000553,2,553,-0.3833,4.6295,0.09113
2000554,2,554,-0.3833,4.6561,0.09113
2000555,2,555,-0.3833,4.6827,0.09114
2000556,2,556,-0.3833,4.7094,0.09115
2000557,2,557,-0.3833,4.7361,0.09116
2000558,2,558,-0.3833,4.7628,0.09116
2000559,2,559,-0.3833,4.7895,0.09117
2000560,2,560,-0.3833,4.8162,0.09118
2000561,2,561,-0.3833,4.843,0.09119
2000562,2,562,-0.3833,4.8697,0.09119
2000563,2,563,-0.3833,4.8964,0.0912
2000564,2,564,-0.3833,4.9232,0.09121
2000565,2,565,-0.3833,4.95,0.09121
2000566,2,566,-0.3833,4.9767,0.09122
2000567,2,567,-0.3833,5.0034,0.09123
2000568,2,568,-0.3833,5.0302,0.09123
2000569,2,569,-0.3833,5.0569,0.09124
2000570,2,570,-0.3833,5.0837,0.09125
2000571,2,571,-0.3833,5.1104,0.09125
2000572,2,572,-0.3833,5.1371,0.09126
2000573,2,573,-0.3833,5.1639,0.09126
2000574,2,574,-0.3833,5.1906,0.09127
2000575,2,575,-0.3833,5.2173,0.09128
2000576,2,576,-0.3833,5.244,0.09128
2000577,2,577,-0.3833,5.2707,0.09129
2000578,2,578,-0.3833,5.2974,0.09129
2000579,2,579,-0.3833,5.324,0.0913
2000580,2,580,-0.3833,5.3507,0.0913
2000581,2,581,-0.3833,5.3773,0.09131
2000582,2,582,-0.3833,5.4039,0.09131
2000583,2,583,-0.3833,5.4304,0.09131
2000584,2,584,-0.3833,5.4569,0.09132
2000585,2,585,-0.3833,5.4834,0.09132
2000586,2,586,-0.3833,5.5098,0.09133
2000587,2,587,-0.3833,5.5362,0.09133
2000588,2,588,-0.3833,5.5625,0.09133
2000589,2,589,-0.3833,5.5888,0.09134
2000590,2,590,-0.3833,5.6151,0.09134
2000591,2,591,-0.3833,5.6413,0.09134
2000592,2,592,-0.3833,5.6674,0.09135
2000593,2,593,-0.3833,5.6935,0.09135
2000594,2,594,-0.3833,5.7195,0.09135
2000595,2,595,-0.3833,5.7454,0.09135
2000596,2,596,-0.3833,5.7713,0.09136
2000597,2,597,-0.3833,5.7971,0.09136
2000598,2,598,-0.3833,5.8229,0.09136
2000599,2,599,-0.3833,5.8485,0.09136
2000600,2,600,-0.3833,5.8742,0.09136
2000601,2,601,-0.3833,5.8997,0.09136
2000602,2,602,-0.3833,5.9252,0.09137
2000603,2,603,-0.3833,5.9507,0.09137
2000604,2,604,-0.3833,5.9761,0.09137
2000605,2,605,-0.3833,6.0014,0.09137
2000606,2,606,-0.3833,6.0266,0.09137
2000607,2,607,-0.3833,6.0518,0.09137
2000608,2,608,-0.3833,6.0769,0.09137
2000609,2,609,-0.3833,6.102,0.09137
2000610,2,610,-0.3833,6.127,0.09137
2000611,2,611,-0.3833,6.1519,0.09137
2000612,2,612,-0.3833,6.1768,0.09136
2000613,2,613,-0.3833,6.2017,0.09136
2000614,2,614,-0.3833,6.2264,0.09136
2000615,2,615,-0.3833,6.2511,0.09136
2000616,2,616,-0.3833,6.2758,0.09136
2000617,2,617,-0.3833,6.3004,0.09136
2000618,2,618,-0.3833,6.3249,0.09135
2000619,2,619,-0.3833,6.3494,0.09135
2000620,2,620,-0.3833,6.3738,0.09135
2000621,2,621,-0.3833,6.3981,0.09135
2000622,2,622,-0.3833,6.4224,0.09134
2000623,2,623,-0.3833,6.4466,0.09134
2000624,2,624,-0.3833,6.4708,0.09134
2000625,2,625,-0.3833,6.4948,0.09133
2000626,2,626,-0.3833,6.5189,0.09133
2000627,2,627,-0.3833,6.5429,0.09133
2000628,2,628,-0.3833,6.5668,0.09132
2000629,2,629,-0.3833,6.5906,0.09132
2000630,2,630,-0.3833,6.6144,0.09131
2000631,2,631,-0.3833,6.6382,0.09131
2000632,2,632,-0.3833,6.6619,0.0913
2000633,2,633,-0.3833,6.6856,0.0913
2000634,2,634,-0.3833,6.7092,0.09129
2000635,2,635,-0.3833,6.7328,0.09129
2000636,2,636,-0.3833,6.7563,0.09128
2000637,2,637,-0.3833,6.7798,0.09128
2000638,2,638,-0.3833,6.8033,0.09127
2000639,2,639,-0.3833,6.8267,0.09127
2000640,2,640,-0.3833,6.8501,0.09126
2000641,2,641,-0.3833,6.8734,0.09125
2000642,2,642,-0.3833,6.8967,0.09125
2000643,2,643,-0.3833,6.9199,0.09124
2000644,2,644,-0.3833,6.9431,0.09123
2000645,2,645,-0.3833,6.9662,0.09123
2000646,2,646,-0.3833,6.9893,0.09122
2000647,2,647,-0.3833,7.0124,0.09121
2000648,2,648,-0.3833,7.0354,0.0912
2000649,2,649,-0.3833,7.0583,0.0912
2000650,2,650,-0.3833,7.0812,0.09119
2000651,2,651,-0.3833,7.1041,0.09118
2000652,2,652,-0.3833,7.1269,0.09117
2000653,2,653,-0.3833,7.1497,0.09116
2000654,2,654,-0.3833,7.1724,0.09116
2000655,2,655,-0.3833,7.195,0.09115
2000656,2,656,-0.3833,7.2177,0.09114
2000657,2,657,-0.3833,7.2402,0.09113
2000658,2,658,-0.3833,7.2627,0.09112
2000659,2,659,-0.3833,7.2852,0.09111
2000660,2,660,-0.3833,7.3076,0.0911
2000661,2,661,-0.3833,7.33,0.09109
2000662,2,662,-0.3833,7.3523,0.09109
2000663,2,663,-0.3833,7.3745,0.09108
2000664,2,664,-0.3833,7.3967,0.09107
2000665,2,665,-0.3833,7.4189,0.09106
2000666,2,666,-0.3833,7.441,0.09105
2000667,2,667,-0.3833,7.463,0.09104
2000668,2,668,-0.3833,7.485,0.09103
2000669,2,669,-0.3833,7.5069,0.09102
2000670,2,670,-0.3833,7.5288,0.09101
2000671,2,671,-0.3833,7.5507,0.091
2000672,2,672,-0.3833,7.5724,0.09099
2000673,2,673,-0.3833,7.5942,0.09098
2000674,2,674,-0.3833,7.6158,0.09097
2000675,2,675,-0.3833,7.6375,0.09096
2000676,2,676,-0.3833,7.659,0.09095
2000677,2,677,-0.3833,7.6806,0.09094
2000678,2,678,-0.3833,7.702,0.09093
2000679,2,679,-0.3833,7.7234,0.09091
2000680,2,680,-0.3833,7.7448,0.0909
2000681,2,681,-0.3833,7.7661,0.09089
2000682,2,682,-0.3833,7.7874,0.09088
2000683,2,683,-0.3833,7.8086,0.09087
2000684,2,684,-0.3833,7.8298,0.09086
2000685,2,685,-0.3833,7.8509,0.09085
2000686,2,686,-0.3833,7.872,0.09084
2000687,2,687,-0.3833,7.893,0.09083
2000688,2,688,-0.3833,7.914,0.09082
2000689,2,689,-0.3833,7.935,0.0908
2000690,2,690,-0.3833,7.9559,0.09079
2000691,2,691,-0.3833,7.9768,0.09078
2000692,2,692,-0.3833,7.9976,0.09077
2000693,2,693,-0.3833,8.0184,0.09076
2000694,2,694,-0.3833,8.0392,0.09075
2000695,2,695,-0.3833,8.0599,0.09074
2000696,2,696,-0.3833,8.0806,0.09072
2000697,2,697,-0.3833,8.1012,0.09071
2000698,2,698,-0.3833,8.1218,0.0907
2000699,2,699,-0.3833,8.1424,0.09069
2000700,2,700,-0.3833,8.163,0.09068
2000701,2,701,-0.3833,8.1835,0.09067
2000702,2,702,-0.3833,8.2039,0.09065
2000703,2,703,-0.3833,8.2244,0.09064
2000704,2,704,-0.3833,8.2448,0.09063
2000705,2,705,-0.3833,8.2651,0.09062
2000706,2,706,-0.3833,8.2855,0.09061
2000707,2,707,-0.3833,8.3058,0.09059
2000708,2,708,-0.3833,8.3261,0.09058
2000709,2,709,-0.3833,8.3464,0.09057
2000710,2,710,-0.3833,8.3666,0.09056
2000711,2,711,-0.3833,8.3869,0.09055
2000712,2,712,-0.3833,8.4071,0.09053
2000713,2,713,-0.3833,8.4273,0.09052
2000714,2,714,-0.3833,8.4474,0.09051
2000715,2,715,-0.3833,8.4676,0.0905
2000716,2,716,-0.3833,8.4877,0.09048
2000717,2,717,-0.3833,8.5078,0.09047
2000718,2,718,-0.3833,8.5278,0.09046
2000719,2,719,-0.3833,8.5479,0.09045
2000720,2,720,-0.3833,8.5679,0.09043
2000721,2,721,-0.3833,8.5879,0.09042
2000722,2,722,-0.3833,8.6078,0.09041
2000723,2,723,-0.3833,8.6277,0.0904
2000724,2,724,-0.3833,8.6476,0.09039
2000725,2,725,-0.3833,8.6674,0.09037
2000726,2,726,-0.3833,8.6872,0.09036
2000727,2,727,-0.3833,8.707,0.09035
2000728,2,728,-0.3833,8.7267,0.09034
2000729,2,729,-0.3833,8.7464,0.09032
2000730,2,730,-0.3833,8.7661,0.09031
2000731,2,731,-0.3833,8.7857,0.0903
2000732,2,732,-0.3833,8.8053,0.09028
2000733,2,733,-0.3833,8.8248,0.09027
2000734,2,734,-0.3833,8.8443,0.09026
2000735,2,735,-0.3833,8.8638,0.09025
2000736,2,736,-0.3833,8.8831,0.09023
2000737,2,737,-0.3833,8.9025,0.09022
2000738,2,738,-0.3833,8.9217,0.09021
2000739,2,739,-0.3833,8.941,0.0902
2000740,2,740,-0.3833,8.9601,0.09018
2000741,2,741,-0.3833,8.9792,0.09017
2000742,2,742,-0.3833,8.9983,0.09016
2000743,2,743,-0.3833,9.0173,0.09014
2000744,2,744,-0.3833,9.0363,0.09013
2000745,2,745,-0.3833,9.0552,0.09012
2000746,2,746,-0.3833,9.074,0.09011
2000747,2,747,-0.3833,9.0928,0.09009
2000748,2,748,-0.3833,9.1116,0.09008
2000749,2,749,-0.3833,9.1303,0.09007
2000750,2,750,-0.3833,9.149,0.09005
2000751,2,751,-0.3833,9.1676,0.09004
2000752,2,752,-0.3833,9.1862,0.09003
2000753,2,753,-0.3833,9.2048,0.09001
2000754,2,754,-0.3833,9.2233,0.09
2000755,2,755,-0.3833,9.2418,0.08999
2000756,2,756,-0.3833,9.2602,0.08997
2000757,2,757,-0.3833,9.2786,0.08996
2000758,2,758,-0.3833,9.297,0.08995
2000759,2,759,-0.3833,9.3154,0.08993
2000760,2,760,-0.3833,9.3337,0.08992
2000761,2,761,-0.3833,9.352,0.08991
2000762,2,762,-0.3833,9.3703,0.08989
2000763,2,763,-0.3833,9.3886,0.08988
2000764,2,764,-0.3833,9.4069,0.08987
2000765,2,765,-0.3833,9.4252,0.08985
2000766,2,766,-0.3833,9.4435,0.08984
2000767,2,767,-0.3833,9.4617,0.08983
2000768,2,768,-0.3833,9.48,0.08981
2000769,2,769,-0.3833,9.4983,0.0898
2000770,2,770,-0.3833,9.5166,0.08979
2000771,2,771,-0.3833,9.535,0.08977
2000772,2,772,-0.3833,9.5533,0.08976
2000773,2,773,-0.3833,9.5717,0.08975
2000774,2,774,-0.3833,9.5901,0.08973
2000775,2,775,-0.3833,9.6086,0.08972
2000776,2,776,-0.3833,9.6271,0.08971
2000777,2,777,-0.3833,9.6456,0.08969
2000778,2,778,-0.3833,9.6642,0.08968
2000779,2,779,-0.3833,9.6828,0.08966
2000780,2,780,-0.3833,9.7015,0.08965
2000781,2,781,-0.3833,9.7202,0.08964
2000782,2,782,-0.3833,9.739,0.08963
2000783,2,783,-0.3833,9.7578,0.08961
2000784,2,784,-0.3833,9.7767,0.0896
2000785,2,785,-0.3833,9.7957,0.08959
2000786,2,786,-0.3833,9.8147,0.08957
2000787,2,787,-0.3833,9.8338,0.08956
2000788,2,788,-0.3833,9.853,0.08955
2000789,2,789,-0.3833,9.8722,0.08953
2000790,2,790,-0.3833,9.8915,0.08952
2000791,2,791,-0.3833,9.9109,0.08951
2000792,2,792,-0.3833,9.9303,0.0895
2000793,2,793,-0.3833,9.9499,0.08948
2000794,2,794,-0.3833,9.9695,0.08947
2000795,2,795,-0.3833,9.9892,0.08946
2000796,2,796,-0.3833,10.009,0.08945
2000797,2,797,-0.3833,10.0289,0.08943
2000798,2,798,-0.3833,10.0489,0.08942
2000799,2,799,-0.3833,10.069,0.08941
2000800,2,800,-0.3833,10.0891,0.0894
2000801,2,801,-0.3833,10.1094,0.08939
2000802,2,802,-0.3833,10.1298,0.08937
2000803,2,803,-0.3833,10.1503,0.08936
2000804,2,804,-0.3833,10.1709,0.08935
2000805,2,805,-0.3833,10.1916,0.08934
2000806,2,806,-0.3833,10.2123,0.08933
2000807,2,807,-0.3833,10.2332,0.08932
2000808,2,808,-0.3833,10.2542,0.0893
2000809,2,809,-0.3833,10.2753,0.08929
2000810,2,810,-0.3833,10.2965,0.08928
2000811,2,811,-0.3833,10.3178,0.08927
2000812,2,812,-0.3833,10.3393,0.08926
2000813,2,813,-0.3833,10.3608,0.08925
2000814,2,814,-0.3833,10.3824,0.08924
2000815,2,815,-0.3833,10.4041,0.08923
2000816,2,816,-0.3833,10.4258,0.08922
2000817,2,817,-0.3833,10.4477,0.08921
2000818,2,818,-0.3833,10.4697,0.0892
2000819,2,819,-0.3833,10.4918,0.08919
2000820,2,820,-0.3833,10.514,0.08918
2000821,2,821,-0.3833,10.5363,0.08917
2000822,2,822,-0.3833,10.5586,0.08916
2000823,2,823,-0.3833,10.5811,0.08915
2000824,2,824,-0.3833,10.6037,0.08915
2000825,2,825,-0.3833,10.6263,0.08914
2000826,2,826,-0.3833,10.6491,0.08913
2000827,2,827,-0.3833,10.6719,0.08912
2000828,2,828,-0.3833,10.6948,0.08911
2000829,2,829,-0.3833,10.7178,0.0891
2000830,2,830,-0.3833,10.741,0.0891
2000831,2,831,-0.3833,10.7641,0.08909
2000832,2,832,-0.3833,10.7874,0.08908
2000833,2,833,-0.3833,10.8108,0.08907
2000834,2,834,-0.3833,10.8343,0.08907
2000835,2,835,-0.3833,10.8578,0.08906
2000836,2,836,-0.3833,10.8814,0.08905
2000837,2,837,-0.3833,10.9051,0.08905
2000838,2,838,-0.3833,10.9289,0.08904
2000839,2,839,-0.3833,10.9527,0.08903
2000840,2,840,-0.3833,10.9767,0.08903
2000841,2,841,-0.3833,11.0007,0.08902
2000842,2,842,-0.3833,11.0248,0.08902
2000843,2,843,-0.3833,11.0489,0.08901
2000844,2,844,-0.3833,11.0731,0.08901
2000845,2,845,-0.3833,11.0974,0.089
2000846,2,846,-0.3833,11.1218,0.089
2000847,2,847,-0.3833,11.1462,0.08899
2000848,2,848,-0.3833,11.1707,0.08899
2000849,2,849,-0.3833,11.1952,0.08899
2000850,2,850,-0.3833,11.2198,0.08898
2000851,2,851,-0.3833,11.2444,0.08898
2000852,2,852,-0.3833,11.2691,0.08897
2000853,2,853,-0.3833,11.2939,0.08897
2000854,2,854,-0.3833,11.3187,0.08897
2000855,2,855,-0.3833,11.3435,0.08897
2000856,2,856,-0.3833,11.3684,0.08896
2000857,2,857,-0.3833,11.3934,0.08896
2000858,2,858,-0.3833,11.4183,0.08896
2000859,2,859,-0.3833,11.4434,0.08896
2000860,2,860,-0.3833,11.4684,0.08895
2000861,2,861,-0.3833,11.4935,0.08895
2000862,2,862,-0.3833,11.5186,0.08895
2000863,2,863,-0.3833,11.5437,0.08895
2000864,2,864,-0.3833,11.5689,0.08895
2000865,2,865,-0.3833,11.594,0.08895
2000866,2,866,-0.3833,11.6192,0.08895
2000867,2,867,-0.3833,11.6444,0.08895
2000868,2,868,-0.3833,11.6696,0.08895
2000869,2,869,-0.3833,11.6948,0.08895
2000870,2,870,-0.3833,11.7201,0.08895
2000871,2,871,-0.3833,11.7453,0.08895
2000872,2,872,-0.3833,11.7705,0.08895
2000873,2,873,-0.3833,11.7957,0.08895
2000874,2,874,-0.3833,11.8209,0.08895
2000875,2,875,-0.3833,11.8461,0.08895
2000876,2,876,-0.3833,11.8713,0.08896
2000877,2,877,-0.3833,11.8965,0.08896
2000878,2,878,-0.3833,11.9217,0.08896
2000879,2,879,-0.3833,11.9468,0.08896
2000880,2,880,-0.3833,11.972,0.08896
2000881,2,881,-0.3833,11.9971,0.08897
2000882,2,882,-0.3833,12.0223,0.08897
2000883,2,883,-0.3833,12.0474,0.08897
2000884,2,884,-0.3833,12.0725,0.08898
2000885,2,885,-0.3833,12.0976,0.08898
2000886,2,886,-0.3833,12.1227,0.08898
2000887,2,887,-0.3833,12.1478,0.08899
2000888,2,888,-0.3833,12.1728,0.08899
2000889,2,889,-0.3833,12.1978,0.089
2000890,2,890,-0.3833,12.2229,0.089
2000891,2,891,-0.3833,12.2479,0.08901
2000892,2,892,-0.3833,12.2729,0.08901
2000893,2,893,-0.3833,12.2978,0.08902
2000894,2,894,-0.3833,12.3228,0.08902
2000895,2,895,-0.3833,12.3477,0.08903
2000896,2,896,-0.3833,12.3727,0.08903
2000897,2,897,-0.3833,12.3976,0.08904
2000898,2,898,-0.3833,12.4225,0.08904
2000899,2,899,-0.3833,12.4474,0.08905
2000900,2,900,-0.3833,12.4723,0.08906
2000901,2,901,-0.3833,12.4971,0.08906
2000902,2,902,-0.3833,12.522,0.08907
2000903,2,903,-0.3833,12.5468,0.08908
2000904,2,904,-0.3833,12.5717,0.08909
2000905,2,905,-0.3833,12.5965,0.08909
2000906,2,906,-0.3833,12.6213,0.0891
2000907,2,907,-0.3833,12.6461,0.08911
2000908,2,908,-0.3833,12.6709,0.08912
2000909,2,909,-0.3833,12.6957,0.08912
2000910,2,910,-0.3833,12.7205,0.08913
2000911,2,911,-0.3833,12.7453,0.08914
2000912,2,912,-0.3833,12.77,0.08915
2000913,2,913,-0.3833,12.7948,0.08916
2000914,2,914,-0.3833,12.8196,0.08917
2000915,2,915,-0.3833,12.8443,0.08918
2000916,2,916,-0.3833,12.8691,0.08919
2000917,2,917,-0.3833,12.8939,0.0892
2000918,2,918,-0.3833,12.9186,0.08921
2000919,2,919,-0.3833,12.9434,0.08922
2000920,2,920,-0.3833,12.9681,0.08923
2000921,2,921,-0.3833,12.9929,0.08924
2000922,2,922,-0.3833,13.0177,0.08925
2000923,2,923,-0.3833,13.0424,0.08926
2000924,2,924,-0.3833,13.0672,0.08927
2000925,2,925,-0.3833,13.092,0.08928
2000926,2,926,-0.3833,13.1167,0.0893
2000927,2,927,-0.3833,13.1415,0.08931
2000928,2,928,-0.3833,13.1663,0.08932
2000929,2,929,-0.3833,13.1911,0.08933
2000930,2,930,-0.3833,13.2158,0.08934
2000931,2,931,-0.3833,13.2406,0.08936
2000932,2,932,-0.3833,13.2654,0.08937
2000933,2,933,-0.3833,13.2902,0.08938
2000934,2,934,-0.3833,13.3151,0.0894
2000935,2,935,-0.3833,13.3399,0.08941
2000936,2,936,-0.3833,13.3647,0.08942
2000937,2,937,-0.3833,13.3896,0.08944
2000938,2,938,-0.3833,13.4145,0.08945
2000939,2,939,-0.3833,13.4394,0.08947
2000940,2,940,-0.3833,13.4643,0.08948
2000941,2,941,-0.3833,13.4892,0.08949
2000942,2,942,-0.3833,13.5142,0.08951
2000943,2,943,-0.3833,13.5391,0.08952
2000944,2,944,-0.3833,13.5641,0.08954
2000945,2,945,-0.3833,13.5892,0.08955
2000946,2,946,-0.3833,13.6142,0.08957
2000947,2,947,-0.3833,13.6393,0.08959
2000948,2,948,-0.3833,13.6644,0.0896
2000949,2,949,-0.3833,13.6895,0.08962
2000950,2,950,-0.3833,13.7146,0.08963
2000951,2,951,-0.3833,13.7398,0.08965
2000952,2,952,-0.3833,13.765,0.08967
2000953,2,953,-0.3833,13.7902,0.08968
2000954,2,954,-0.3833,13.8155,0.0897
2000955,2,955,-0.3833,13.8408,0.08972
2000956,2,956,-0.3833,13.8661,0.08974
2000957,2,957,-0.3833,13.8914,0.08975
2000958,2,958,-0.3833,13.9168,0.08977
2000959,2,959,-0.3833,13.9422,0.08979
2000960,2,960,-0.3833,13.9676,0.08981
2000961,2,961,-0.3833,13.9931,0.08983
2000962,2,962,-0.3833,14.0186,0.08984
2000963,2,963,-0.3833,14.0441,0.08986
2000964,2,964,-0.3833,14.0697,0.08988
2000965,2,965,-0.3833,14.0953,0.0899
2000966,2,966,-0.3833,14.1209,0.08992
2000967,2,967,-0.3833,14.1466,0.08994
2000968,2,968,-0.3833,14.1724,0.08996
2000969,2,969,-0.3833,14.1981,0.08998
2000970,2,970,-0.3833,14.2239,0.09
2000971,2,971,-0.3833,14.2498,0.09002
2000972,2,972,-0.3833,14.2757,0.09004
2000973,2,973,-0.3833,14.3016,0.09006
2000974,2,974,-0.3833,14.3276,0.09008
2000975,2,975,-0.3833,14.3537,0.0901
2000976,2,976,-0.3833,14.3798,0.09012
2000977,2,977,-0.3833,14.4059,0.09015
2000978,2,978,-0.3833,14.4321,0.09017
2000979,2,979,-0.3833,14.4584,0.09019
2000980,2,980,-0.3833,14.4848,0.09021
2000981,2,981,-0.3833,14.5112,0.09023
2000982,2,982,-0.3833,14.5376,0.09026
2000983,2,983,-0.3833,14.5642,0.09028
2000984,2,984,-0.3833,14.5908,0.0903
2000985,2,985,-0.3833,14.6174,0.09033
2000986,2,986,-0.3833,14.6442,0.09035
2000987,2,987,-0.3833,14.671,0.09037
2000988,2,988,-0.3833,14.6979,0.0904
2000989,2,989,-0.3833,14.7248,0.09042
2000990,2,990,-0.3833,14.7519,0.09044
2000991,2,991,-0.3833,14.779,0.09047
2000992,2,992,-0.3833,14.8062,0.09049
2000993,2,993,-0.3833,14.8334,0.09052
2000994,2,994,-0.3833,14.8608,0.09054
2000995,2,995,-0.3833,14.8882,0.09057
2000996,2,996,-0.3833,14.9157,0.09059
2000997,2,997,-0.3833,14.9434,0.09062
2000998,2,998,-0.3833,14.9711,0.09064
2000999,2,999,-0.3833,14.9989,0.09067
2001000,2,1000,-0.3833,15.0267,0.09069
2001001,2,1001,-0.3833,15.0547,0.09072
2001002,2,1002,-0.3833,15.0828,0.09075
2001003,2,1003,-0.3833,15.1109,0.09077
2001004,2,1004,-0.3833,15.1392,0.0908
2001005,2,1005,-0.3833,15.1676,0.09083
2001006,2,1006,-0.3833,15.196,0.09085
2001007,2,1007,-0.3833,15.2246,0.09088
2001008,2,1008,-0.3833,15.2532,0.09091
2001009,2,1009,-0.3833,15.2819,0.09093
2001010,2,1010,-0.3833,15.3108,0.09096
2001011,2,1011,-0.3833,15.3397,0.09099
2001012,2,1012,-0.3833,15.3687,0.09102
2001013,2,1013,-0.3833,15.3979,0.09105
2001014,2,1014,-0.3833,15.4271,0.09107
2001015,2,1015,-0.3833,15.4564,0.0911
2001016,2,1016,-0.3833,15.4858,0.09113
2001017,2,1017,-0.3833,15.5154,0.09116
2001018,2,1018,-0.3833,15.545,0.09119
2001019,2,1019,-0.3833,15.5747,0.09122
2001020,2,1020,-0.3833,15.6046,0.09125
2001021,2,1021,-0.3833,15.6345,0.09128
2001022,2,1022,-0.3833,15.6646,0.09131
2001023,2,1023,-0.3833,15.6947,0.09133
2001024,2,1024,-0.3833,15.725,0.09136
2001025,2,1025,-0.3833,15.7553,0.09139
2001026,2,1026,-0.3833,15.7858,0.09142
2001027,2,1027,-0.3833,15.8164,0.09146
2001028,2,1028,-0.3833,15.847,0.09149
2001029,2,1029,-0.3833,15.8778,0.09152
2001030,2,1030,-0.3833,15.9087,0.09155
2001031,2,1031,-0.3833,15.9396,0.09158
2001032,2,1032,-0.3833,15.9707,0.09161
2001033,2,1033,-0.3833,16.0019,0.09164
2001034,2,1034,-0.3833,16.0332,0.09167
2001035,2,1035,-0.3833,16.0645,0.0917
2001036,2,1036,-0.3833,16.096,0.09173
2001037,2,1037,-0.3833,16.1276,0.09177
2001038,2,1038,-0.3833,16.1593,0.0918
2001039,2,1039,-0.3833,16.191,0.09183
2001040,2,1040,-0.3833,16.2229,0.09186
2001041,2,1041,-0.3833,16.2549,0.0919
2001042,2,1042,-0.3833,16.287,0.09193
2001043,2,1043,-0.3833,16.3191,0.09196
2001044,2,1044,-0.3833,16.3514,0.09199
2001045,2,1045,-0.3833,16.3837,0.09203
2001046,2,1046,-0.3833,16.4162,0.09206
2001047,2,1047,-0.3833,16.4488,0.09209
2001048,2,1048,-0.3833,16.4814,0.09213
2001049,2,1049,-0.3833,16.5142,0.09216
2001050,2,1050,-0.3833,16.547,0.09219
2001051,2,1051,-0.3833,16.58,0.09223
2001052,2,1052,-0.3833,16.6131,0.09226
2001053,2,1053,-0.3833,16.6462,0.09229
2001054,2,1054,-0.3833,16.6795,0.09233
2001055,2,1055,-0.3833,16.7129,0.09236
2001056,2,1056,-0.3833,16.7464,0.0924
2001057,2,1057,-0.3833,16.78,0.09243
2001058,2,1058,-0.3833,16.8137,0.09247
2001059,2,1059,-0.3833,16.8475,0.0925
2001060,2,1060,-0.3833,16.8814,0.09254
2001061,2,1061,-0.3833,16.9154,0.09257
2001062,2,1062,-0.3833,16.9496,0.09261
2001063,2,1063,-0.3833,16.9838,0.09264
2001064,2,1064,-0.3833,17.0182,0.09268
2001065,2,1065,-0.3833,17.0527,0.09271
2001066,2,1066,-0.3833,17.0873,0.09275
2001067,2,1067,-0.3833,17.122,0.09278
2001068,2,1068,-0.3833,17.1569,0.09282
2001069,2,1069,-0.3833,17.1918,0.09286
2001070,2,1070,-0.3833,17.2269,0.09289
2001071,2,1071,-0.3833,17.262,0.09293
2001072,2,1072,-0.3833,17.2973,0.09296
2001073,2,1073,-0.3833,17.3327,0.093
2001074,2,1074,-0.3833,17.3683,0.09304
2001075,2,1075,-0.3833,17.4039,0.09307
2001076,2,1076,-0.3833,17.4397,0.09311
2001077,2,1077,-0.3833,17.4755,0.09315
2001078,2,1078,-0.3833,17.5115,0.09318
2001079,2,1079,-0.3833,17.5476,0.09322
2001080,2,1080,-0.3833,17.5839,0.09326
2001081,2,1081,-0.3833,17.6202,0.09329
2001082,2,1082,-0.3833,17.6567,0.09333
2001083,2,1083,-0.3833,17.6932,0.09337
2001084,2,1084,-0.3833,17.7299,0.09341
2001085,2,1085,-0.3833,17.7668,0.09344
2001086,2,1086,-0.3833,17.8037,0.09348
2001087,2,1087,-0.3833,17.8407,0.09352
2001088,2,1088,-0.3833,17.8779,0.09356
2001089,2,1089,-0.3833,17.9152,0.09359
2001090,2,1090,-0.3833,17.9526,0.09363
2001091,2,1091,-0.3833,17.9901,0.09367
2001092,2,1092,-0.3833,18.0277,0.09371
2001093,2,1093,-0.3833,18.0654,0.09375
2001094,2,1094,-0.3833,18.1033,0.09378
2001095,2,1095,-0.3833,18.1412,0.09382
2001096,2,1096,-0.3833,18.1792,0.09386
2001097,2,1097,-0.3833,18.2174,0.0939
2001098,2,1098,-0.3833,18.2556,0.09394
2001099,2,1099,-0.3833,18.294,0.09397
2001100,2,1100,-0.3833,18.3324,0.09401
